{
    "$schema": "https://schema.management.azure.com/schemas/2015-01-01/deploymentParameters.json#",
    "contentVersion": "1.0.0.0",
    "parameters": {
        "vulnerabilityAssessments_Default_storageContainerPath": {
            "value": null
        },
        "servers_datalakeprojectsqlserver_name": {
            "value": null
        },
        "batchAccounts_datalakesprojectbatch_name": {
            "value": null
        },
        "workspaces_DatalakeprojectDatabricks_name": {
            "value": null
        },
        "storageAccounts_datalakesprojectaccount_name": {
            "value": null
        }
    }
}