{
    "$schema": "https://schema.management.azure.com/schemas/2019-04-01/deploymentTemplate.json#",
    "contentVersion": "1.0.0.0",
    "parameters": {
        "vulnerabilityAssessments_Default_storageContainerPath": {
            "type": "SecureString"
        },
        "servers_datalakeprojectsqlserver_name": {
            "defaultValue": "datalakeprojectsqlserver",
            "type": "String"
        },
        "batchAccounts_datalakesprojectbatch_name": {
            "defaultValue": "datalakesprojectbatch",
            "type": "String"
        },
        "workspaces_DatalakeprojectDatabricks_name": {
            "defaultValue": "DatalakeprojectDatabricks",
            "type": "String"
        },
        "storageAccounts_datalakesprojectaccount_name": {
            "defaultValue": "datalakesprojectaccount",
            "type": "String"
        }
    },
    "variables": {},
    "resources": [
        {
            "type": "Microsoft.Batch/batchAccounts",
            "apiVersion": "2022-06-01",
            "name": "[parameters('batchAccounts_datalakesprojectbatch_name')]",
            "location": "francecentral",
            "identity": {
                "type": "None"
            },
            "properties": {
                "poolAllocationMode": "BatchService",
                "publicNetworkAccess": "Enabled",
                "networkProfile": {
                    "accountAccess": {
                        "defaultAction": "Allow"
                    }
                },
                "encryption": {
                    "keySource": "Microsoft.Batch"
                },
                "allowedAuthenticationModes": [
                    "SharedKey",
                    "AAD",
                    "TaskAuthenticationToken"
                ]
            }
        },
        {
            "type": "Microsoft.Databricks/workspaces",
            "apiVersion": "2022-04-01-preview",
            "name": "[parameters('workspaces_DatalakeprojectDatabricks_name')]",
            "location": "francecentral",
            "sku": {
                "name": "standard"
            },
            "properties": {
                "managedResourceGroupId": "[concat('/subscriptions/747714d6-5e9b-41b7-b514-aceba30e5537/resourceGroups/databricks-rg-', parameters('workspaces_DatalakeprojectDatabricks_name'), '-fnff23itizqe2')]",
                "parameters": {
                    "enableNoPublicIp": {
                        "type": "Bool",
                        "value": false
                    },
                    "natGatewayName": {
                        "type": "String",
                        "value": "nat-gateway"
                    },
                    "prepareEncryption": {
                        "type": "Bool",
                        "value": false
                    },
                    "publicIpName": {
                        "type": "String",
                        "value": "nat-gw-public-ip"
                    },
                    "requireInfrastructureEncryption": {
                        "type": "Bool",
                        "value": false
                    },
                    "storageAccountName": {
                        "type": "String",
                        "value": "dbstoragehergmiyizcnpc"
                    },
                    "storageAccountSkuName": {
                        "type": "String",
                        "value": "Standard_GRS"
                    },
                    "vnetAddressPrefix": {
                        "type": "String",
                        "value": "10.139"
                    }
                },
                "authorizations": [
                    {
                        "principalId": "9a74af6f-d153-4348-988a-e2672920bee9",
                        "roleDefinitionId": "8e3af657-a8ff-443c-a75c-2fe8c4bcb635"
                    }
                ],
                "createdBy": {},
                "updatedBy": {},
                "createdDateTime": "2022-12-12T10:31:53.4285558Z"
            }
        },
        {
            "type": "Microsoft.Sql/servers",
            "apiVersion": "2022-05-01-preview",
            "name": "[parameters('servers_datalakeprojectsqlserver_name')]",
            "location": "francecentral",
            "kind": "v12.0",
            "properties": {
                "administratorLogin": "nealloic",
                "version": "12.0",
                "publicNetworkAccess": "Enabled",
                "restrictOutboundNetworkAccess": "Disabled"
            }
        },
        {
            "type": "Microsoft.Storage/storageAccounts",
            "apiVersion": "2022-05-01",
            "name": "[parameters('storageAccounts_datalakesprojectaccount_name')]",
            "location": "francecentral",
            "sku": {
                "name": "Standard_RAGRS",
                "tier": "Standard"
            },
            "kind": "StorageV2",
            "properties": {
                "dnsEndpointType": "Standard",
                "defaultToOAuthAuthentication": false,
                "publicNetworkAccess": "Enabled",
                "allowCrossTenantReplication": true,
                "minimumTlsVersion": "TLS1_2",
                "allowBlobPublicAccess": true,
                "allowSharedKeyAccess": true,
                "networkAcls": {
                    "bypass": "AzureServices",
                    "virtualNetworkRules": [],
                    "ipRules": [],
                    "defaultAction": "Allow"
                },
                "supportsHttpsTrafficOnly": true,
                "encryption": {
                    "requireInfrastructureEncryption": false,
                    "services": {
                        "file": {
                            "keyType": "Account",
                            "enabled": true
                        },
                        "blob": {
                            "keyType": "Account",
                            "enabled": true
                        }
                    },
                    "keySource": "Microsoft.Storage"
                },
                "accessTier": "Hot"
            }
        },
        {
            "type": "Microsoft.Batch/batchAccounts/pools",
            "apiVersion": "2022-06-01",
            "name": "[concat(parameters('batchAccounts_datalakesprojectbatch_name'), '/my_pool')]",
            "dependsOn": [
                "[resourceId('Microsoft.Batch/batchAccounts', parameters('batchAccounts_datalakesprojectbatch_name'))]"
            ],
            "properties": {
                "displayName": "my_pool",
                "vmSize": "STANDARD_A2_V2",
                "interNodeCommunication": "Disabled",
                "taskSlotsPerNode": 1,
                "taskSchedulingPolicy": {
                    "nodeFillType": "Pack"
                },
                "deploymentConfiguration": {
                    "virtualMachineConfiguration": {
                        "imageReference": {
                            "publisher": "microsoft-dsvm",
                            "offer": "dsvm-win-2019",
                            "sku": "winserver-2019",
                            "version": "latest"
                        },
                        "nodeAgentSkuId": "batch.node.windows amd64"
                    }
                },
                "scaleSettings": {
                    "fixedScale": {
                        "targetDedicatedNodes": 1,
                        "targetLowPriorityNodes": 0,
                        "resizeTimeout": "PT15M"
                    }
                }
            }
        },
        {
            "type": "Microsoft.Sql/servers/advancedThreatProtectionSettings",
            "apiVersion": "2022-05-01-preview",
            "name": "[concat(parameters('servers_datalakeprojectsqlserver_name'), '/Default')]",
            "dependsOn": [
                "[resourceId('Microsoft.Sql/servers', parameters('servers_datalakeprojectsqlserver_name'))]"
            ],
            "properties": {
                "state": "Enabled"
            }
        },
        {
            "type": "Microsoft.Sql/servers/advisors",
            "apiVersion": "2014-04-01",
            "name": "[concat(parameters('servers_datalakeprojectsqlserver_name'), '/CreateIndex')]",
            "dependsOn": [
                "[resourceId('Microsoft.Sql/servers', parameters('servers_datalakeprojectsqlserver_name'))]"
            ],
            "properties": {
                "autoExecuteValue": "Disabled"
            }
        },
        {
            "type": "Microsoft.Sql/servers/advisors",
            "apiVersion": "2014-04-01",
            "name": "[concat(parameters('servers_datalakeprojectsqlserver_name'), '/DbParameterization')]",
            "dependsOn": [
                "[resourceId('Microsoft.Sql/servers', parameters('servers_datalakeprojectsqlserver_name'))]"
            ],
            "properties": {
                "autoExecuteValue": "Disabled"
            }
        },
        {
            "type": "Microsoft.Sql/servers/advisors",
            "apiVersion": "2014-04-01",
            "name": "[concat(parameters('servers_datalakeprojectsqlserver_name'), '/DefragmentIndex')]",
            "dependsOn": [
                "[resourceId('Microsoft.Sql/servers', parameters('servers_datalakeprojectsqlserver_name'))]"
            ],
            "properties": {
                "autoExecuteValue": "Disabled"
            }
        },
        {
            "type": "Microsoft.Sql/servers/advisors",
            "apiVersion": "2014-04-01",
            "name": "[concat(parameters('servers_datalakeprojectsqlserver_name'), '/DropIndex')]",
            "dependsOn": [
                "[resourceId('Microsoft.Sql/servers', parameters('servers_datalakeprojectsqlserver_name'))]"
            ],
            "properties": {
                "autoExecuteValue": "Disabled"
            }
        },
        {
            "type": "Microsoft.Sql/servers/advisors",
            "apiVersion": "2014-04-01",
            "name": "[concat(parameters('servers_datalakeprojectsqlserver_name'), '/ForceLastGoodPlan')]",
            "dependsOn": [
                "[resourceId('Microsoft.Sql/servers', parameters('servers_datalakeprojectsqlserver_name'))]"
            ],
            "properties": {
                "autoExecuteValue": "Enabled"
            }
        },
        {
            "type": "Microsoft.Sql/servers/auditingPolicies",
            "apiVersion": "2014-04-01",
            "name": "[concat(parameters('servers_datalakeprojectsqlserver_name'), '/Default')]",
            "location": "France Central",
            "dependsOn": [
                "[resourceId('Microsoft.Sql/servers', parameters('servers_datalakeprojectsqlserver_name'))]"
            ],
            "properties": {
                "auditingState": "Disabled"
            }
        },
        {
            "type": "Microsoft.Sql/servers/auditingSettings",
            "apiVersion": "2022-05-01-preview",
            "name": "[concat(parameters('servers_datalakeprojectsqlserver_name'), '/Default')]",
            "dependsOn": [
                "[resourceId('Microsoft.Sql/servers', parameters('servers_datalakeprojectsqlserver_name'))]"
            ],
            "properties": {
                "retentionDays": 0,
                "auditActionsAndGroups": [],
                "isStorageSecondaryKeyInUse": false,
                "isAzureMonitorTargetEnabled": false,
                "isManagedIdentityInUse": false,
                "state": "Disabled",
                "storageAccountSubscriptionId": "00000000-0000-0000-0000-000000000000"
            }
        },
        {
            "type": "Microsoft.Sql/servers/connectionPolicies",
            "apiVersion": "2022-05-01-preview",
            "name": "[concat(parameters('servers_datalakeprojectsqlserver_name'), '/default')]",
            "location": "francecentral",
            "dependsOn": [
                "[resourceId('Microsoft.Sql/servers', parameters('servers_datalakeprojectsqlserver_name'))]"
            ],
            "properties": {
                "connectionType": "Default"
            }
        },
        {
            "type": "Microsoft.Sql/servers/databases",
            "apiVersion": "2022-05-01-preview",
            "name": "[concat(parameters('servers_datalakeprojectsqlserver_name'), '/datalakedatabase')]",
            "location": "francecentral",
            "dependsOn": [
                "[resourceId('Microsoft.Sql/servers', parameters('servers_datalakeprojectsqlserver_name'))]"
            ],
            "sku": {
                "name": "GP_Gen5",
                "tier": "GeneralPurpose",
                "family": "Gen5",
                "capacity": 2
            },
            "kind": "v12.0,user,vcore",
            "properties": {
                "collation": "SQL_Latin1_General_CP1_CI_AS",
                "maxSizeBytes": 34359738368,
                "catalogCollation": "SQL_Latin1_General_CP1_CI_AS",
                "zoneRedundant": false,
                "licenseType": "LicenseIncluded",
                "readScale": "Disabled",
                "requestedBackupStorageRedundancy": "Geo",
                "maintenanceConfigurationId": "/subscriptions/747714d6-5e9b-41b7-b514-aceba30e5537/providers/Microsoft.Maintenance/publicMaintenanceConfigurations/SQL_Default",
                "isLedgerOn": false
            }
        },
        {
            "type": "Microsoft.Sql/servers/databases/advancedThreatProtectionSettings",
            "apiVersion": "2022-05-01-preview",
            "name": "[concat(parameters('servers_datalakeprojectsqlserver_name'), '/master/Default')]",
            "dependsOn": [
                "[resourceId('Microsoft.Sql/servers', parameters('servers_datalakeprojectsqlserver_name'))]"
            ],
            "properties": {
                "state": "Disabled"
            }
        },
        {
            "type": "Microsoft.Sql/servers/databases/auditingPolicies",
            "apiVersion": "2014-04-01",
            "name": "[concat(parameters('servers_datalakeprojectsqlserver_name'), '/master/Default')]",
            "location": "France Central",
            "dependsOn": [
                "[resourceId('Microsoft.Sql/servers', parameters('servers_datalakeprojectsqlserver_name'))]"
            ],
            "properties": {
                "auditingState": "Disabled"
            }
        },
        {
            "type": "Microsoft.Sql/servers/databases/auditingSettings",
            "apiVersion": "2022-05-01-preview",
            "name": "[concat(parameters('servers_datalakeprojectsqlserver_name'), '/master/Default')]",
            "dependsOn": [
                "[resourceId('Microsoft.Sql/servers', parameters('servers_datalakeprojectsqlserver_name'))]"
            ],
            "properties": {
                "retentionDays": 0,
                "isAzureMonitorTargetEnabled": false,
                "state": "Disabled",
                "storageAccountSubscriptionId": "00000000-0000-0000-0000-000000000000"
            }
        },
        {
            "type": "Microsoft.Sql/servers/databases/extendedAuditingSettings",
            "apiVersion": "2022-05-01-preview",
            "name": "[concat(parameters('servers_datalakeprojectsqlserver_name'), '/master/Default')]",
            "dependsOn": [
                "[resourceId('Microsoft.Sql/servers', parameters('servers_datalakeprojectsqlserver_name'))]"
            ],
            "properties": {
                "retentionDays": 0,
                "isAzureMonitorTargetEnabled": false,
                "state": "Disabled",
                "storageAccountSubscriptionId": "00000000-0000-0000-0000-000000000000"
            }
        },
        {
            "type": "Microsoft.Sql/servers/databases/geoBackupPolicies",
            "apiVersion": "2014-04-01",
            "name": "[concat(parameters('servers_datalakeprojectsqlserver_name'), '/master/Default')]",
            "location": "France Central",
            "dependsOn": [
                "[resourceId('Microsoft.Sql/servers', parameters('servers_datalakeprojectsqlserver_name'))]"
            ],
            "properties": {
                "state": "Disabled"
            }
        },
        {
            "type": "Microsoft.Sql/servers/databases/ledgerDigestUploads",
            "apiVersion": "2022-05-01-preview",
            "name": "[concat(parameters('servers_datalakeprojectsqlserver_name'), '/master/Current')]",
            "dependsOn": [
                "[resourceId('Microsoft.Sql/servers', parameters('servers_datalakeprojectsqlserver_name'))]"
            ],
            "properties": {}
        },
        {
            "type": "Microsoft.Sql/servers/databases/securityAlertPolicies",
            "apiVersion": "2022-05-01-preview",
            "name": "[concat(parameters('servers_datalakeprojectsqlserver_name'), '/master/Default')]",
            "dependsOn": [
                "[resourceId('Microsoft.Sql/servers', parameters('servers_datalakeprojectsqlserver_name'))]"
            ],
            "properties": {
                "state": "Disabled",
                "disabledAlerts": [
                    ""
                ],
                "emailAddresses": [
                    ""
                ],
                "emailAccountAdmins": false,
                "retentionDays": 0
            }
        },
        {
            "type": "Microsoft.Sql/servers/databases/transparentDataEncryption",
            "apiVersion": "2022-05-01-preview",
            "name": "[concat(parameters('servers_datalakeprojectsqlserver_name'), '/master/Current')]",
            "dependsOn": [
                "[resourceId('Microsoft.Sql/servers', parameters('servers_datalakeprojectsqlserver_name'))]"
            ],
            "properties": {
                "state": "Disabled"
            }
        },
        {
            "type": "Microsoft.Sql/servers/databases/vulnerabilityAssessments",
            "apiVersion": "2022-05-01-preview",
            "name": "[concat(parameters('servers_datalakeprojectsqlserver_name'), '/master/Default')]",
            "dependsOn": [
                "[resourceId('Microsoft.Sql/servers', parameters('servers_datalakeprojectsqlserver_name'))]"
            ],
            "properties": {
                "recurringScans": {
                    "isEnabled": false,
                    "emailSubscriptionAdmins": true,
                    "emails": []
                }
            }
        },
        {
            "type": "Microsoft.Sql/servers/devOpsAuditingSettings",
            "apiVersion": "2022-05-01-preview",
            "name": "[concat(parameters('servers_datalakeprojectsqlserver_name'), '/Default')]",
            "dependsOn": [
                "[resourceId('Microsoft.Sql/servers', parameters('servers_datalakeprojectsqlserver_name'))]"
            ],
            "properties": {
                "isAzureMonitorTargetEnabled": false,
                "isManagedIdentityInUse": false,
                "state": "Disabled",
                "storageAccountSubscriptionId": "00000000-0000-0000-0000-000000000000"
            }
        },
        {
            "type": "Microsoft.Sql/servers/encryptionProtector",
            "apiVersion": "2022-05-01-preview",
            "name": "[concat(parameters('servers_datalakeprojectsqlserver_name'), '/current')]",
            "dependsOn": [
                "[resourceId('Microsoft.Sql/servers', parameters('servers_datalakeprojectsqlserver_name'))]"
            ],
            "kind": "servicemanaged",
            "properties": {
                "serverKeyName": "ServiceManaged",
                "serverKeyType": "ServiceManaged",
                "autoRotationEnabled": false
            }
        },
        {
            "type": "Microsoft.Sql/servers/extendedAuditingSettings",
            "apiVersion": "2022-05-01-preview",
            "name": "[concat(parameters('servers_datalakeprojectsqlserver_name'), '/Default')]",
            "dependsOn": [
                "[resourceId('Microsoft.Sql/servers', parameters('servers_datalakeprojectsqlserver_name'))]"
            ],
            "properties": {
                "retentionDays": 0,
                "auditActionsAndGroups": [],
                "isStorageSecondaryKeyInUse": false,
                "isAzureMonitorTargetEnabled": false,
                "isManagedIdentityInUse": false,
                "state": "Disabled",
                "storageAccountSubscriptionId": "00000000-0000-0000-0000-000000000000"
            }
        },
        {
            "type": "Microsoft.Sql/servers/firewallRules",
            "apiVersion": "2022-05-01-preview",
            "name": "[concat(parameters('servers_datalakeprojectsqlserver_name'), '/AllowAllWindowsAzureIps')]",
            "dependsOn": [
                "[resourceId('Microsoft.Sql/servers', parameters('servers_datalakeprojectsqlserver_name'))]"
            ]
        },
        {
            "type": "Microsoft.Sql/servers/firewallRules",
            "apiVersion": "2022-05-01-preview",
            "name": "[concat(parameters('servers_datalakeprojectsqlserver_name'), '/ClientIPAddress_2022-12-12_11-22-26')]",
            "dependsOn": [
                "[resourceId('Microsoft.Sql/servers', parameters('servers_datalakeprojectsqlserver_name'))]"
            ]
        },
        {
            "type": "Microsoft.Sql/servers/firewallRules",
            "apiVersion": "2022-05-01-preview",
            "name": "[concat(parameters('servers_datalakeprojectsqlserver_name'), '/ClientIPAddress_2022-12-12_11-2-38')]",
            "dependsOn": [
                "[resourceId('Microsoft.Sql/servers', parameters('servers_datalakeprojectsqlserver_name'))]"
            ]
        },
        {
            "type": "Microsoft.Sql/servers/firewallRules",
            "apiVersion": "2022-05-01-preview",
            "name": "[concat(parameters('servers_datalakeprojectsqlserver_name'), '/ClientIPAddress_2022-12-12_12-23-23')]",
            "dependsOn": [
                "[resourceId('Microsoft.Sql/servers', parameters('servers_datalakeprojectsqlserver_name'))]"
            ]
        },
        {
            "type": "Microsoft.Sql/servers/keys",
            "apiVersion": "2022-05-01-preview",
            "name": "[concat(parameters('servers_datalakeprojectsqlserver_name'), '/ServiceManaged')]",
            "dependsOn": [
                "[resourceId('Microsoft.Sql/servers', parameters('servers_datalakeprojectsqlserver_name'))]"
            ],
            "kind": "servicemanaged",
            "properties": {
                "serverKeyType": "ServiceManaged"
            }
        },
        {
            "type": "Microsoft.Sql/servers/securityAlertPolicies",
            "apiVersion": "2022-05-01-preview",
            "name": "[concat(parameters('servers_datalakeprojectsqlserver_name'), '/Default')]",
            "dependsOn": [
                "[resourceId('Microsoft.Sql/servers', parameters('servers_datalakeprojectsqlserver_name'))]"
            ],
            "properties": {
                "state": "Enabled",
                "disabledAlerts": [
                    ""
                ],
                "emailAddresses": [
                    ""
                ],
                "emailAccountAdmins": false,
                "retentionDays": 0
            }
        },
        {
            "type": "Microsoft.Sql/servers/sqlVulnerabilityAssessments",
            "apiVersion": "2022-05-01-preview",
            "name": "[concat(parameters('servers_datalakeprojectsqlserver_name'), '/Default')]",
            "dependsOn": [
                "[resourceId('Microsoft.Sql/servers', parameters('servers_datalakeprojectsqlserver_name'))]"
            ],
            "properties": {
                "state": "Enabled"
            }
        },
        {
            "type": "Microsoft.Sql/servers/vulnerabilityAssessments",
            "apiVersion": "2022-05-01-preview",
            "name": "[concat(parameters('servers_datalakeprojectsqlserver_name'), '/Default')]",
            "dependsOn": [
                "[resourceId('Microsoft.Sql/servers', parameters('servers_datalakeprojectsqlserver_name'))]"
            ],
            "properties": {
                "recurringScans": {
                    "isEnabled": false,
                    "emailSubscriptionAdmins": true
                },
                "storageContainerPath": "[parameters('vulnerabilityAssessments_Default_storageContainerPath')]"
            }
        },
        {
            "type": "Microsoft.Storage/storageAccounts/blobServices",
            "apiVersion": "2022-05-01",
            "name": "[concat(parameters('storageAccounts_datalakesprojectaccount_name'), '/default')]",
            "dependsOn": [
                "[resourceId('Microsoft.Storage/storageAccounts', parameters('storageAccounts_datalakesprojectaccount_name'))]"
            ],
            "sku": {
                "name": "Standard_RAGRS",
                "tier": "Standard"
            },
            "properties": {
                "changeFeed": {
                    "enabled": false
                },
                "restorePolicy": {
                    "enabled": false
                },
                "containerDeleteRetentionPolicy": {
                    "enabled": true,
                    "days": 7
                },
                "cors": {
                    "corsRules": []
                },
                "deleteRetentionPolicy": {
                    "allowPermanentDelete": false,
                    "enabled": true,
                    "days": 7
                },
                "isVersioningEnabled": false
            }
        },
        {
            "type": "Microsoft.Storage/storageAccounts/fileServices",
            "apiVersion": "2022-05-01",
            "name": "[concat(parameters('storageAccounts_datalakesprojectaccount_name'), '/default')]",
            "dependsOn": [
                "[resourceId('Microsoft.Storage/storageAccounts', parameters('storageAccounts_datalakesprojectaccount_name'))]"
            ],
            "sku": {
                "name": "Standard_RAGRS",
                "tier": "Standard"
            },
            "properties": {
                "protocolSettings": {
                    "smb": {}
                },
                "cors": {
                    "corsRules": []
                },
                "shareDeleteRetentionPolicy": {
                    "enabled": true,
                    "days": 7
                }
            }
        },
        {
            "type": "Microsoft.Storage/storageAccounts/queueServices",
            "apiVersion": "2022-05-01",
            "name": "[concat(parameters('storageAccounts_datalakesprojectaccount_name'), '/default')]",
            "dependsOn": [
                "[resourceId('Microsoft.Storage/storageAccounts', parameters('storageAccounts_datalakesprojectaccount_name'))]"
            ],
            "properties": {
                "cors": {
                    "corsRules": []
                }
            }
        },
        {
            "type": "Microsoft.Storage/storageAccounts/tableServices",
            "apiVersion": "2022-05-01",
            "name": "[concat(parameters('storageAccounts_datalakesprojectaccount_name'), '/default')]",
            "dependsOn": [
                "[resourceId('Microsoft.Storage/storageAccounts', parameters('storageAccounts_datalakesprojectaccount_name'))]"
            ],
            "properties": {
                "cors": {
                    "corsRules": []
                }
            }
        },
        {
            "type": "Microsoft.Sql/servers/databases/advancedThreatProtectionSettings",
            "apiVersion": "2022-05-01-preview",
            "name": "[concat(parameters('servers_datalakeprojectsqlserver_name'), '/datalakedatabase/Default')]",
            "dependsOn": [
                "[resourceId('Microsoft.Sql/servers/databases', parameters('servers_datalakeprojectsqlserver_name'), 'datalakedatabase')]",
                "[resourceId('Microsoft.Sql/servers', parameters('servers_datalakeprojectsqlserver_name'))]"
            ],
            "properties": {
                "state": "Disabled"
            }
        },
        {
            "type": "Microsoft.Sql/servers/databases/advisors",
            "apiVersion": "2014-04-01",
            "name": "[concat(parameters('servers_datalakeprojectsqlserver_name'), '/datalakedatabase/CreateIndex')]",
            "dependsOn": [
                "[resourceId('Microsoft.Sql/servers/databases', parameters('servers_datalakeprojectsqlserver_name'), 'datalakedatabase')]",
                "[resourceId('Microsoft.Sql/servers', parameters('servers_datalakeprojectsqlserver_name'))]"
            ],
            "properties": {
                "autoExecuteValue": "Disabled"
            }
        },
        {
            "type": "Microsoft.Sql/servers/databases/advisors",
            "apiVersion": "2014-04-01",
            "name": "[concat(parameters('servers_datalakeprojectsqlserver_name'), '/datalakedatabase/DbParameterization')]",
            "dependsOn": [
                "[resourceId('Microsoft.Sql/servers/databases', parameters('servers_datalakeprojectsqlserver_name'), 'datalakedatabase')]",
                "[resourceId('Microsoft.Sql/servers', parameters('servers_datalakeprojectsqlserver_name'))]"
            ],
            "properties": {
                "autoExecuteValue": "Disabled"
            }
        },
        {
            "type": "Microsoft.Sql/servers/databases/advisors",
            "apiVersion": "2014-04-01",
            "name": "[concat(parameters('servers_datalakeprojectsqlserver_name'), '/datalakedatabase/DefragmentIndex')]",
            "dependsOn": [
                "[resourceId('Microsoft.Sql/servers/databases', parameters('servers_datalakeprojectsqlserver_name'), 'datalakedatabase')]",
                "[resourceId('Microsoft.Sql/servers', parameters('servers_datalakeprojectsqlserver_name'))]"
            ],
            "properties": {
                "autoExecuteValue": "Disabled"
            }
        },
        {
            "type": "Microsoft.Sql/servers/databases/advisors",
            "apiVersion": "2014-04-01",
            "name": "[concat(parameters('servers_datalakeprojectsqlserver_name'), '/datalakedatabase/DropIndex')]",
            "dependsOn": [
                "[resourceId('Microsoft.Sql/servers/databases', parameters('servers_datalakeprojectsqlserver_name'), 'datalakedatabase')]",
                "[resourceId('Microsoft.Sql/servers', parameters('servers_datalakeprojectsqlserver_name'))]"
            ],
            "properties": {
                "autoExecuteValue": "Disabled"
            }
        },
        {
            "type": "Microsoft.Sql/servers/databases/advisors",
            "apiVersion": "2014-04-01",
            "name": "[concat(parameters('servers_datalakeprojectsqlserver_name'), '/datalakedatabase/ForceLastGoodPlan')]",
            "dependsOn": [
                "[resourceId('Microsoft.Sql/servers/databases', parameters('servers_datalakeprojectsqlserver_name'), 'datalakedatabase')]",
                "[resourceId('Microsoft.Sql/servers', parameters('servers_datalakeprojectsqlserver_name'))]"
            ],
            "properties": {
                "autoExecuteValue": "Enabled"
            }
        },
        {
            "type": "Microsoft.Sql/servers/databases/auditingPolicies",
            "apiVersion": "2014-04-01",
            "name": "[concat(parameters('servers_datalakeprojectsqlserver_name'), '/datalakedatabase/Default')]",
            "location": "France Central",
            "dependsOn": [
                "[resourceId('Microsoft.Sql/servers/databases', parameters('servers_datalakeprojectsqlserver_name'), 'datalakedatabase')]",
                "[resourceId('Microsoft.Sql/servers', parameters('servers_datalakeprojectsqlserver_name'))]"
            ],
            "properties": {
                "auditingState": "Disabled"
            }
        },
        {
            "type": "Microsoft.Sql/servers/databases/auditingSettings",
            "apiVersion": "2022-05-01-preview",
            "name": "[concat(parameters('servers_datalakeprojectsqlserver_name'), '/datalakedatabase/Default')]",
            "dependsOn": [
                "[resourceId('Microsoft.Sql/servers/databases', parameters('servers_datalakeprojectsqlserver_name'), 'datalakedatabase')]",
                "[resourceId('Microsoft.Sql/servers', parameters('servers_datalakeprojectsqlserver_name'))]"
            ],
            "properties": {
                "retentionDays": 0,
                "isAzureMonitorTargetEnabled": false,
                "state": "Disabled",
                "storageAccountSubscriptionId": "00000000-0000-0000-0000-000000000000"
            }
        },
        {
            "type": "Microsoft.Sql/servers/databases/backupLongTermRetentionPolicies",
            "apiVersion": "2022-05-01-preview",
            "name": "[concat(parameters('servers_datalakeprojectsqlserver_name'), '/datalakedatabase/default')]",
            "dependsOn": [
                "[resourceId('Microsoft.Sql/servers/databases', parameters('servers_datalakeprojectsqlserver_name'), 'datalakedatabase')]",
                "[resourceId('Microsoft.Sql/servers', parameters('servers_datalakeprojectsqlserver_name'))]"
            ],
            "properties": {
                "weeklyRetention": "PT0S",
                "monthlyRetention": "PT0S",
                "yearlyRetention": "PT0S",
                "weekOfYear": 0
            }
        },
        {
            "type": "Microsoft.Sql/servers/databases/backupShortTermRetentionPolicies",
            "apiVersion": "2022-05-01-preview",
            "name": "[concat(parameters('servers_datalakeprojectsqlserver_name'), '/datalakedatabase/default')]",
            "dependsOn": [
                "[resourceId('Microsoft.Sql/servers/databases', parameters('servers_datalakeprojectsqlserver_name'), 'datalakedatabase')]",
                "[resourceId('Microsoft.Sql/servers', parameters('servers_datalakeprojectsqlserver_name'))]"
            ],
            "properties": {
                "retentionDays": 7,
                "diffBackupIntervalInHours": 12
            }
        },
        {
            "type": "Microsoft.Sql/servers/databases/extendedAuditingSettings",
            "apiVersion": "2022-05-01-preview",
            "name": "[concat(parameters('servers_datalakeprojectsqlserver_name'), '/datalakedatabase/Default')]",
            "dependsOn": [
                "[resourceId('Microsoft.Sql/servers/databases', parameters('servers_datalakeprojectsqlserver_name'), 'datalakedatabase')]",
                "[resourceId('Microsoft.Sql/servers', parameters('servers_datalakeprojectsqlserver_name'))]"
            ],
            "properties": {
                "retentionDays": 0,
                "isAzureMonitorTargetEnabled": false,
                "state": "Disabled",
                "storageAccountSubscriptionId": "00000000-0000-0000-0000-000000000000"
            }
        },
        {
            "type": "Microsoft.Sql/servers/databases/geoBackupPolicies",
            "apiVersion": "2014-04-01",
            "name": "[concat(parameters('servers_datalakeprojectsqlserver_name'), '/datalakedatabase/Default')]",
            "location": "France Central",
            "dependsOn": [
                "[resourceId('Microsoft.Sql/servers/databases', parameters('servers_datalakeprojectsqlserver_name'), 'datalakedatabase')]",
                "[resourceId('Microsoft.Sql/servers', parameters('servers_datalakeprojectsqlserver_name'))]"
            ],
            "properties": {
                "state": "Enabled"
            }
        },
        {
            "type": "Microsoft.Sql/servers/databases/ledgerDigestUploads",
            "apiVersion": "2022-05-01-preview",
            "name": "[concat(parameters('servers_datalakeprojectsqlserver_name'), '/datalakedatabase/Current')]",
            "dependsOn": [
                "[resourceId('Microsoft.Sql/servers/databases', parameters('servers_datalakeprojectsqlserver_name'), 'datalakedatabase')]",
                "[resourceId('Microsoft.Sql/servers', parameters('servers_datalakeprojectsqlserver_name'))]"
            ],
            "properties": {}
        },
        {
            "type": "Microsoft.Sql/servers/databases/securityAlertPolicies",
            "apiVersion": "2022-05-01-preview",
            "name": "[concat(parameters('servers_datalakeprojectsqlserver_name'), '/datalakedatabase/Default')]",
            "dependsOn": [
                "[resourceId('Microsoft.Sql/servers/databases', parameters('servers_datalakeprojectsqlserver_name'), 'datalakedatabase')]",
                "[resourceId('Microsoft.Sql/servers', parameters('servers_datalakeprojectsqlserver_name'))]"
            ],
            "properties": {
                "state": "Disabled",
                "disabledAlerts": [
                    ""
                ],
                "emailAddresses": [
                    ""
                ],
                "emailAccountAdmins": false,
                "retentionDays": 0
            }
        },
        {
            "type": "Microsoft.Sql/servers/databases/transparentDataEncryption",
            "apiVersion": "2022-05-01-preview",
            "name": "[concat(parameters('servers_datalakeprojectsqlserver_name'), '/datalakedatabase/Current')]",
            "dependsOn": [
                "[resourceId('Microsoft.Sql/servers/databases', parameters('servers_datalakeprojectsqlserver_name'), 'datalakedatabase')]",
                "[resourceId('Microsoft.Sql/servers', parameters('servers_datalakeprojectsqlserver_name'))]"
            ],
            "properties": {
                "state": "Enabled"
            }
        },
        {
            "type": "Microsoft.Sql/servers/databases/vulnerabilityAssessments",
            "apiVersion": "2022-05-01-preview",
            "name": "[concat(parameters('servers_datalakeprojectsqlserver_name'), '/datalakedatabase/Default')]",
            "dependsOn": [
                "[resourceId('Microsoft.Sql/servers/databases', parameters('servers_datalakeprojectsqlserver_name'), 'datalakedatabase')]",
                "[resourceId('Microsoft.Sql/servers', parameters('servers_datalakeprojectsqlserver_name'))]"
            ],
            "properties": {
                "recurringScans": {
                    "isEnabled": false,
                    "emailSubscriptionAdmins": true,
                    "emails": []
                }
            }
        },
        {
            "type": "Microsoft.Storage/storageAccounts/blobServices/containers",
            "apiVersion": "2022-05-01",
            "name": "[concat(parameters('storageAccounts_datalakesprojectaccount_name'), '/default/adfjobs')]",
            "dependsOn": [
                "[resourceId('Microsoft.Storage/storageAccounts/blobServices', parameters('storageAccounts_datalakesprojectaccount_name'), 'default')]",
                "[resourceId('Microsoft.Storage/storageAccounts', parameters('storageAccounts_datalakesprojectaccount_name'))]"
            ],
            "properties": {
                "immutableStorageWithVersioning": {
                    "enabled": false
                },
                "defaultEncryptionScope": "$account-encryption-key",
                "denyEncryptionScopeOverride": false,
                "publicAccess": "None"
            }
        },
        {
            "type": "Microsoft.Storage/storageAccounts/blobServices/containers",
            "apiVersion": "2022-05-01",
            "name": "[concat(parameters('storageAccounts_datalakesprojectaccount_name'), '/default/input')]",
            "dependsOn": [
                "[resourceId('Microsoft.Storage/storageAccounts/blobServices', parameters('storageAccounts_datalakesprojectaccount_name'), 'default')]",
                "[resourceId('Microsoft.Storage/storageAccounts', parameters('storageAccounts_datalakesprojectaccount_name'))]"
            ],
            "properties": {
                "immutableStorageWithVersioning": {
                    "enabled": false
                },
                "defaultEncryptionScope": "$account-encryption-key",
                "denyEncryptionScopeOverride": false,
                "publicAccess": "None"
            }
        },
        {
            "type": "Microsoft.Storage/storageAccounts/blobServices/containers",
            "apiVersion": "2022-05-01",
            "name": "[concat(parameters('storageAccounts_datalakesprojectaccount_name'), '/default/output')]",
            "dependsOn": [
                "[resourceId('Microsoft.Storage/storageAccounts/blobServices', parameters('storageAccounts_datalakesprojectaccount_name'), 'default')]",
                "[resourceId('Microsoft.Storage/storageAccounts', parameters('storageAccounts_datalakesprojectaccount_name'))]"
            ],
            "properties": {
                "immutableStorageWithVersioning": {
                    "enabled": false
                },
                "defaultEncryptionScope": "$account-encryption-key",
                "denyEncryptionScopeOverride": false,
                "publicAccess": "None"
            }
        },
        {
            "type": "Microsoft.Storage/storageAccounts/blobServices/containers",
            "apiVersion": "2022-05-01",
            "name": "[concat(parameters('storageAccounts_datalakesprojectaccount_name'), '/default/processed')]",
            "dependsOn": [
                "[resourceId('Microsoft.Storage/storageAccounts/blobServices', parameters('storageAccounts_datalakesprojectaccount_name'), 'default')]",
                "[resourceId('Microsoft.Storage/storageAccounts', parameters('storageAccounts_datalakesprojectaccount_name'))]"
            ],
            "properties": {
                "immutableStorageWithVersioning": {
                    "enabled": false
                },
                "defaultEncryptionScope": "$account-encryption-key",
                "denyEncryptionScopeOverride": false,
                "publicAccess": "None"
            }
        }
    ]
}